{"name":"8c8045d6-c178-46d1-9779-1bd04361aa37","id":"/providers/Microsoft.Flow/flows/8c8045d6-c178-46d1-9779-1bd04361aa37","type":"Microsoft.Flow/flows","properties":{"apiId":"/providers/Microsoft.PowerApps/apis/shared_logicflows","displayName":"AutoApprovalFlow","definition":{"metadata":{"workflowEntityId":null,"processAdvisorMetadata":null,"flowclientsuspensionreason":"None","flowclientsuspensiontime":null,"creator":{"id":"5d413645-6fd8-4a7c-842f-0c14e1c8ce33","type":"User","tenantId":"b1a6616c-9473-4cab-82b6-b6affeed3e12"},"provisioningMethod":"FromDefinition","failureAlertSubscription":true,"clientLastModifiedTime":"2022-02-08T19:23:29.6210208Z"},"$schema":"https://schema.management.azure.com/providers/Microsoft.Logic/schemas/2016-06-01/workflowdefinition.json#","contentVersion":"1.0.0.0","parameters":{"$connections":{"defaultValue":{},"type":"Object"},"$authentication":{"defaultValue":{},"type":"SecureObject"}},"triggers":{"manual":{"metadata":{"operationMetadataId":"ddda6140-5f90-4dea-8444-9a37a72e3c6a"},"type":"Request","kind":"Http","inputs":{"schema":{"type":"object","properties":{"verificationOwner":{"type":"string"},"verificationMessage":{"type":"string"},"buildID":{"type":"string"}}}}}},"actions":{"Parse_HTTP_Request_to_JSON_Body":{"runAfter":{},"metadata":{"operationMetadataId":"eca8f230-5981-43cc-bc5d-4f2472683269"},"type":"ParseJson","inputs":{"content":"@triggerBody()","schema":{"type":"object","properties":{"verificationOwner":{"type":"string"},"verificationMessage":{"type":"string"},"buildID":{"type":"string"}}}}},"Payload":{"runAfter":{"Parse_HTTP_Request_to_JSON_Body":["Succeeded"]},"metadata":{"operationMetadataId":"3696ae3f-58fe-485d-809c-bbd53eda902b"},"type":"InitializeVariable","inputs":{"variables":[{"name":"Payload","type":"object","value":{}}]}},"ApprovalID":{"runAfter":{"Payload":["Succeeded"]},"metadata":{"operationMetadataId":"8001cf4d-bcf8-4424-8cd2-207c137635af"},"type":"InitializeVariable","inputs":{"variables":[{"name":"ApprovalID","type":"string","value":"{}"}]}},"Post_message_in_a_chat_or_channel":{"runAfter":{"ApprovalID":["Succeeded"]},"metadata":{"operationMetadataId":"982fa6b9-349b-4594-86f2-1bd8ca8c23c7"},"type":"OpenApiConnection","inputs":{"host":{"apiId":"/providers/Microsoft.PowerApps/apis/shared_teams","connectionName":"shared_teams","operationId":"PostMessageToConversation"},"parameters":{"poster":"Flow bot","location":"Chat with Flow bot","body/recipient":"@{body('Parse_HTTP_Request_to_JSON_Body')?['verificationOwner']};","body/messageBody":"<p>@{body('Parse_HTTP_Request_to_JSON_Body')?['verificationMessage']}</p>"},"authentication":"@parameters('$authentication')"}},"Start_and_wait_for_an_approval":{"runAfter":{"Post_message_in_a_chat_or_channel":["Succeeded"]},"metadata":{"operationMetadataId":"07e48fe4-1040-4d2f-8324-a21c6e5f6ee9"},"type":"OpenApiConnectionWebhook","inputs":{"host":{"apiId":"/providers/Microsoft.PowerApps/apis/shared_approvals","connectionName":"shared_approvals","operationId":"StartAndWaitForAnApproval"},"parameters":{"approvalType":"BasicAwaitAll","WebhookApprovalCreationInput/title":"Approval required for something","WebhookApprovalCreationInput/assignedTo":"@{body('Parse_HTTP_Request_to_JSON_Body')?['verificationOwner']};","WebhookApprovalCreationInput/details":"Please check this approval.","WebhookApprovalCreationInput/enableNotifications":true,"WebhookApprovalCreationInput/enableReassignment":true},"authentication":"@parameters('$authentication')"}},"Check_if_the_Outcome_of_the_approval_is_Approve_or_not":{"actions":{"Start_getting_the_approval_ID_from_the_current_build_in_Azure_DevOps":{"runAfter":{},"metadata":{"operationMetadataId":"d01fecdc-3f63-4846-ad30-150ec8d000ff"},"type":"Http","inputs":{"method":"GET","uri":"https://dev.azure.com/ORGANIZATION/PROJECTNAME/_apis/build/builds/@{body('Parse_HTTP_Request_to_JSON_Body')?['buildID']}/Timeline?api-version=5.1","authentication":{"type":"Basic","username":"@body('Parse_HTTP_Request_to_JSON_Body')?['verificationOwner']","password":"PAT"}}},"Parse_JSON_from_current_build":{"runAfter":{"Start_getting_the_approval_ID_from_the_current_build_in_Azure_DevOps":["Succeeded"]},"metadata":{"operationMetadataId":"3d9ee927-dfb4-4ce8-b4f4-24f0aacf02ad"},"type":"ParseJson","inputs":{"content":"@body('Start_getting_the_approval_ID_from_the_current_build_in_Azure_DevOps')","schema":{"type":"object","properties":{"records":{"type":"array","items":{"type":"object","properties":{"id":{"type":"string"},"type":{"type":"string"},"state":{"type":"string"}}}}}}}},"Apply_to_each_record_found_in_the_current_build":{"foreach":"@body('Parse_JSON_from_current_build')?['records']","actions":{"Record_must_match_type_and_state":{"actions":{"Set_id_in_variable_ApprovalID":{"runAfter":{},"metadata":{"operationMetadataId":"1435525c-1fe1-434b-a8c6-56feaef038d1"},"type":"SetVariable","inputs":{"name":"ApprovalID","value":"@items('Apply_to_each_record_found_in_the_current_build')?['id']"}}},"runAfter":{},"expression":{"and":[{"equals":["@items('Apply_to_each_record_found_in_the_current_build')?['type']","Checkpoint.Approval"]},{"equals":["@items('Apply_to_each_record_found_in_the_current_build')?['state']","inProgress"]}]},"metadata":{"operationMetadataId":"317f4805-f43a-4e3f-bf3f-10da19c8e090"},"type":"If"}},"runAfter":{"Parse_JSON_from_current_build":["Succeeded"]},"metadata":{"operationMetadataId":"817c771b-385e-45d2-b8ae-7ef9c35bb8fc"},"type":"Foreach"},"Set_variable_Payload":{"runAfter":{"Apply_to_each_record_found_in_the_current_build":["Succeeded"]},"metadata":{"operationMetadataId":"8cddec7d-9055-4418-914b-ef3cfae999db"},"type":"SetVariable","inputs":{"name":"Payload","value":{"approvalId":"@{variables('ApprovalID')}","status":"approved"}}},"Patch_the_current_build_so_the_approval_request_is_handled":{"runAfter":{"Set_variable_Payload":["Succeeded"]},"metadata":{"operationMetadataId":"307a0a3e-635f-4100-bf20-e0af17e4eed3"},"type":"Http","inputs":{"method":"PATCH","uri":"https://dev.azure.com/ORGANIZATION/PROJECTNAME/_apis/pipelines/approvals?api-version=6.1-preview.1","body":["@variables('Payload')"],"authentication":{"type":"Basic","username":"@body('Parse_HTTP_Request_to_JSON_Body')?['verificationOwner']","password":"PAT"}}}},"runAfter":{"Start_and_wait_for_an_approval":["Succeeded"]},"else":{"actions":{"Start_patching_the_current_build_and_cancelling_the_current_build":{"runAfter":{},"metadata":{"operationMetadataId":"e16c55e8-dda7-4bcf-a536-eecda923a700"},"type":"Http","inputs":{"method":"PATCH","uri":"https://dev.azure.com/ORGANIZATION/PROJECTNAME/_apis/build/builds/@{body('Parse_HTTP_Request_to_JSON_Body')?['buildID']}?api-version=6.0","body":{"status":"cancelling"},"authentication":{"type":"Basic","username":"@body('Parse_HTTP_Request_to_JSON_Body')?['verificationOwner']","password":"PAT"}}}}},"expression":{"equals":["@outputs('Start_and_wait_for_an_approval')?['body/outcome']","Approve"]},"metadata":{"operationMetadataId":"be5f006b-0bc0-48ab-bac5-b23eaec91819"},"type":"If"}},"outputs":{}},"connectionReferences":{"shared_teams":{"connectionName":"shared-teams-89f6de92-27e9-4de9-a87b-4ccf-9c428868","source":"Embedded","id":"/providers/Microsoft.PowerApps/apis/shared_teams","tier":"NotSpecified"},"shared_approvals":{"connectionName":"shared-approvals-607d9e69-12d0-40ae-b501-890ef9c097d0","source":"Embedded","id":"/providers/Microsoft.PowerApps/apis/shared_approvals","tier":"NotSpecified"}},"flowFailureAlertSubscribed":false}}